Zekeria             Asmadila            1234567   Zekeria.Asmadila@uni.de                      200
Thomas              Alpert              1110000   Thomas.Alpert@uni.de                         100
Tamara              Webersons           0900401   Tamara.Webersons@uni.de                      233
Robionsonson        Ameisenbaumsti      0900401   Robionsonson.Ameisenbaumsti@uni.de           185
Phillip             Sander              8850000   Phillip.Sander@uni.de                        232
Nils                Klaubaer            0050000   Nils.Klaubaer@uni.de                         010
Nicolas             Niethammer          0050000   Nicolas.Niethammer@uni.de                    000
Nico                Pos                 0900400   Nico.Pos@uni.de                              090
Nico                Flister             1110000   Nico.Flister@uni.de                          100
Nathalie            Nothdur             5580000   Nathalie.Nothdur@uni.de                      123
Melanie             Miller              5580000   Melanie.Miller@uni.de                        123
Maximilian          Fillier             1110000   Maximilian.Fillier@uni.de                    070
Max                 Suler               1110000   Max.Suler@uni.de                             100
Markus              Singer              1110000   Markus.Singer@uni.de                         050
Mark                Lugenburg           1110000   Mark.Lugenburg@uni.de                        110
Marco               Marx                1002001   Marco.Marx@uni.dei.de                        210
Manfred             Billo               0900401   Manfred.Billo@uni.de                         123
Madlen              Reissen             5580000   Madlen.Reissen@uni.de                        030
Likas               Flusterer           5580000   Likas.Flusterer@uni.de                       213
Leonardo            Amtmannmus          1110000   Leonard.Amtmannmus@uni.de                    100
Kim                 Niethammer          0050000   Kim.Niethammer@uni.de                        000
Killian             Speckers            0050000   Killian.Speckers@uni.de                      213
Kevin               Roth                8850000   Kevin.Roth@uni.de                            213
Kevin               Falke               5580000   Kevin.Falke@uni.de                           123
Johnatan            Bernsteinfeld       8850000   Johnatan.Bernsteinfeld@uni.de                185
Hans                Maier               1110000   Hans.Maier@uni.de                            050
Florian             Alpert              0900400   Florian.Alpert@uni.de                        100
Erica               Degner              0900401   Erika.Degner@uni.de                          010
Dimitri             Saider              0900401   Dimitri.Saider@uni.de                        122
Caroline            Ingelfinger         1110000   Caroline.Ingelfinger@uni.de                  010
Anna                Juhn                0900401   Anna.Juhn@uni.de.de                          100
Anna                Ramseloff           8850000   Anna.Ramseloff@uni.de                        070
Andre               Kurs                0900400   Andre.Kurs@uni.de                            213
Alexander           Juneling            1110000   Alexander.Juneling@uni.de                    200
Killian             Sound               1001001   Killian.Sound@uni.de                         123
